caused,breath,breath,heart,heart,eeg_amp_o1,eeg_amp_o1
causing,heart,eeg_amp_o1,breath,eeg_amp_o1,breath,heart
awake,"[[-0.09010264980173437, 3240], [0.007844581743827062, 5580], [0.0952339413890383, 4560]]","[[-0.09400789216030683, 3240], [-0.03262628561827062, 5580], [0.0701463151720512, 4560]]","[[-0.024446378594147892, 3240], [0.0334834668234793, 5580], [-0.02099707768776665, 4560]]","[[-0.009424250322787396, 3240], [-0.03384817441092598, 5580], [-0.010785647869207982, 4560]]","[[-0.052152224585960465, 3240], [-0.016449153473760338, 5580], [-0.021875176326555418, 4560]]","[[-0.03713001544897668, 3240], [-0.01680731397976684, 5580], [0.07884644823289609, 4560]]"
LS,"[[0.4406865950929224, 1755.0], [-0.2154089818916567, 1155.0], [0.3831241434542369, 1350.0], [0.5174155209908688, 1080.0], [0.6485778592800417, 1440.0]]","[[0.0507452033087744, 1755.0], [-0.3648002686680419, 1155.0], [0.6885203860204493, 1350.0], [0.9349939864823218, 1080.0], [0.12440689867799122, 1440.0]]","[[0.1293208694574995, 1755.0], [1.0974251444158123, 1155.0], [-0.3499159767094785, 1350.0], [-0.014826006688520757, 1080.0], [0.21797297538691182, 1440.0]]","[[0.09681636474674139, 1755.0], [0.8958307815369365, 1155.0], [-0.025190350648989498, 1350.0], [0.10940505231910919, 1080.0], [0.38518997553637335, 1440.0]]","[[0.17536852075565815, 1755.0], [0.7279644884123698, 1155.0], [0.4188532695380589, 1350.0], [0.35440730758069927, 1080.0], [-0.12987925871844075, 1440.0]]","[[0.4588210377526289, 1755.0], [-0.1833102491276522, 1155.0], [1.9072805681073597, 1350.0], [-0.02173635415365421, 1080.0], [-0.055147668116826615, 1440.0]]"
DS,[],[],[],[],[],[]
REM,[],[],[],[],[],[]
